{
  "name": "angular-animate",
  "version": "1.6.3",
  "license": "MIT",
  "main": "./angular-animate.js",
  "ignore": [],
  "dependencies": {
    "angular": "1.6.3"
  },
  "homepage": "https://github.com/angular/bower-angular-animate",
  "_release": "1.6.3",
  "_resolution": {
    "type": "version",
    "tag": "v1.6.3",
    "commit": "87af5fc872cb01800e4cba39a9e32650666626b1"
  },
  "_source": "https://github.com/angular/bower-angular-animate.git",
  "_target": "^1.6.3",
  "_originalSource": "angular-animate",
  "_direct": true
}