{
  "name": "angular-toastr",
  "version": "2.1.1",
  "authors": [
    "Jesus Rodriguez <Foxandxss@gmail.com>"
  ],
  "license": "MIT",
  "keywords": [
    "angular",
    "angularjs",
    "toast",
    "toastr"
  ],
  "main": [
    "./dist/angular-toastr.tpls.js",
    "./dist/angular-toastr.css"
  ],
  "ignore": [
    "config",
    "node_modules",
    "playground",
    "src",
    "test",
    ".travis.yml",
    ".gitignore",
    ".jshintrc",
    "CHANGELOG.md",
    "Gruntfile.js",
    "package.json"
  ],
  "dependencies": {
    "angular": ">=1.3.0"
  },
  "homepage": "https://github.com/Foxandxss/angular-toastr",
  "_release": "2.1.1",
  "_resolution": {
    "type": "version",
    "tag": "2.1.1",
    "commit": "c03374ce968196dd75dd614a4c3849ac9acc1b81"
  },
  "_source": "https://github.com/Foxandxss/angular-toastr.git",
  "_target": "^2.1.1",
  "_originalSource": "angular-toastr",
  "_direct": true
}