{
  "name": "angular-sanitize",
  "version": "1.6.3",
  "license": "MIT",
  "main": "./angular-sanitize.js",
  "ignore": [],
  "dependencies": {
    "angular": "1.6.3"
  },
  "homepage": "https://github.com/angular/bower-angular-sanitize",
  "_release": "1.6.3",
  "_resolution": {
    "type": "version",
    "tag": "v1.6.3",
    "commit": "2242ca0256874d39bd4d86db28a944c71d6aba5f"
  },
  "_source": "https://github.com/angular/bower-angular-sanitize.git",
  "_target": "^1.6.3",
  "_originalSource": "angular-sanitize",
  "_direct": true
}