{
  "name": "chart.js",
  "description": "Simple HTML5 charts using the canvas element.",
  "homepage": "http://www.chartjs.org",
  "license": "MIT",
  "version": "2.5.0",
  "main": "./dist/Chart.js",
  "ignore": [
    ".github",
    ".codeclimate.yml",
    ".gitignore",
    ".npmignore",
    ".travis.yml",
    "scripts"
  ],
  "_release": "2.5.0",
  "_resolution": {
    "type": "version",
    "tag": "v2.5.0",
    "commit": "7737d94130558c3c6428f6471d047e8d36203c1e"
  },
  "_source": "https://github.com/nnnick/Chart.js.git",
  "_target": "^2.5.0",
  "_originalSource": "Chart.js"
}